text,sentiment
The package arrived today,neutral
Task completed successfully,neutral
Data processing started,neutral
Outstanding quality,positive
Highly recommended,positive
Data processing started,neutral
I am reading a book,neutral
Project update received,neutral
I am reading a book,neutral
Very disappointed,negative
Bad customer support,negative
Information has been shared,neutral
Task completed successfully,neutral
Terrible experience,negative
Great customer support,positive
Bad customer support,negative
Data processing started,neutral
Bad customer support,negative
Great customer support,positive
Worst service ever,negative
Not recommended,negative
Worst service ever,negative
The meeting is tomorrow,neutral
Very happy with the results,positive
Outstanding quality,positive
Information has been shared,neutral
Very disappointed,negative
Excellent service,positive
Fantastic work,positive
Fantastic work,positive
The weather is normal,neutral
Information has been shared,neutral
Excellent service,positive
The package arrived today,neutral
This is awesome,positive
Completely useless,negative
Not recommended,negative
This is awful,negative
Information has been shared,neutral
I hate this product,negative
Project update received,neutral
Poor quality,negative
I am reading a book,neutral
Poor quality,negative
Outstanding quality,positive
Highly recommended,positive
I hate this product,negative
Information has been shared,neutral
I am reading a book,neutral
The meeting is tomorrow,neutral
Very happy with the results,positive
Poor quality,negative
Great customer support,positive
Completely useless,negative
Very disappointed,negative
This is awful,negative
Completely useless,negative
Worst service ever,negative
Information has been shared,neutral
Excellent service,positive
Poor quality,negative
Fantastic work,positive
Data processing started,neutral
Waste of money,negative
The meeting is tomorrow,neutral
Terrible experience,negative
I am reading a book,neutral
Highly recommended,positive
Very disappointed,negative
This is awful,negative
Worst service ever,negative
I hate this product,negative
This is a standard report,neutral
Best update ever,positive
The package arrived today,neutral
This is awful,negative
I love this product,positive
Best update ever,positive
I am reading a book,neutral
Project update received,neutral
Terrible experience,negative
Outstanding quality,positive
Poor quality,negative
Bad customer support,negative
The meeting is tomorrow,neutral
Best update ever,positive
I love this product,positive
Terrible experience,negative
Poor quality,negative
Best update ever,positive
Amazing experience,positive
Waste of money,negative
Information has been shared,neutral
Information has been shared,neutral
I love this product,positive
Fantastic work,positive
Highly recommended,positive
Not recommended,negative
I hate this product,negative
The package arrived today,neutral
Completely useless,negative
Waste of money,negative
Terrible experience,negative
The meeting is tomorrow,neutral
This is awesome,positive
I love this product,positive
Project update received,neutral
Information has been shared,neutral
Outstanding quality,positive
Reviewing the document,neutral
Reviewing the document,neutral
This is a standard report,neutral
Reviewing the document,neutral
Highly recommended,positive
Task completed successfully,neutral
Project update received,neutral
Very disappointed,negative
This is awful,negative
The package arrived today,neutral
I love this product,positive
Best update ever,positive
I am reading a book,neutral
Terrible experience,negative
Fantastic work,positive
Data processing started,neutral
Highly recommended,positive
Completely useless,negative
Worst service ever,negative
Data processing started,neutral
Information has been shared,neutral
Worst service ever,negative
Best update ever,positive
Very disappointed,negative
Excellent service,positive
Waste of money,negative
Task completed successfully,neutral
Highly recommended,positive
Completely useless,negative
Amazing experience,positive
I hate this product,negative
Reviewing the document,neutral
The package arrived today,neutral
Reviewing the document,neutral
Very disappointed,negative
I hate this product,negative
I hate this product,negative
The meeting is tomorrow,neutral
Completely useless,negative
Fantastic work,positive
This is awful,negative
I hate this product,negative
Completely useless,negative
I am reading a book,neutral
Worst service ever,negative
Poor quality,negative
Terrible experience,negative
Reviewing the document,neutral
Best update ever,positive
Best update ever,positive
I hate this product,negative
Excellent service,positive
This is awesome,positive
Worst service ever,negative
The package arrived today,neutral
I hate this product,negative
I hate this product,negative
Fantastic work,positive
Data processing started,neutral
Poor quality,negative
Amazing experience,positive
Outstanding quality,positive
Waste of money,negative
The package arrived today,neutral
Completely useless,negative
Outstanding quality,positive
This is awful,negative
I am reading a book,neutral
Amazing experience,positive
Excellent service,positive
Very happy with the results,positive
Terrible experience,negative
The meeting is tomorrow,neutral
This is awesome,positive
Great customer support,positive
Poor quality,negative
Waste of money,negative
Worst service ever,negative
Best update ever,positive
Information has been shared,neutral
Completely useless,negative
Excellent service,positive
Waste of money,negative
Amazing experience,positive
Terrible experience,negative
Very disappointed,negative
Outstanding quality,positive
Highly recommended,positive
Reviewing the document,neutral
The meeting is tomorrow,neutral
The weather is normal,neutral
Best update ever,positive
Outstanding quality,positive
Bad customer support,negative
Not recommended,negative
Project update received,neutral
I hate this product,negative
Best update ever,positive
Amazing experience,positive
Amazing experience,positive
This is a standard report,neutral
Very happy with the results,positive
I hate this product,negative
Outstanding quality,positive
Excellent service,positive
Outstanding quality,positive
Worst service ever,negative
The weather is normal,neutral
I love this product,positive
Completely useless,negative
I hate this product,negative
This is a standard report,neutral
Very disappointed,negative
Amazing experience,positive
Project update received,neutral
Reviewing the document,neutral
Worst service ever,negative
Task completed successfully,neutral
Project update received,neutral
Waste of money,negative
Terrible experience,negative
Very disappointed,negative
This is awful,negative
This is a standard report,neutral
Highly recommended,positive
Project update received,neutral
Outstanding quality,positive
Information has been shared,neutral
This is awesome,positive
Task completed successfully,neutral
Great customer support,positive
Reviewing the document,neutral
I hate this product,negative
Excellent service,positive
Project update received,neutral
I hate this product,negative
Excellent service,positive
Amazing experience,positive
Project update received,neutral
Best update ever,positive
Project update received,neutral
Very happy with the results,positive
Outstanding quality,positive
Highly recommended,positive
Very happy with the results,positive
I hate this product,negative
Amazing experience,positive
The meeting is tomorrow,neutral
The weather is normal,neutral
Worst service ever,negative
I hate this product,negative
Best update ever,positive
Project update received,neutral
This is awesome,positive
Reviewing the document,neutral
Information has been shared,neutral
Highly recommended,positive
Terrible experience,negative
I love this product,positive
Very disappointed,negative
The package arrived today,neutral
The weather is normal,neutral
Worst service ever,negative
This is awful,negative
The package arrived today,neutral
Terrible experience,negative
Very happy with the results,positive
Best update ever,positive
Reviewing the document,neutral
Bad customer support,negative
Great customer support,positive
Best update ever,positive
Best update ever,positive
Outstanding quality,positive
I love this product,positive
Reviewing the document,neutral
Very disappointed,negative
Bad customer support,negative
Project update received,neutral
The weather is normal,neutral
Very happy with the results,positive
Best update ever,positive
Waste of money,negative
Fantastic work,positive
Terrible experience,negative
Poor quality,negative
Highly recommended,positive
Waste of money,negative
Reviewing the document,neutral
Outstanding quality,positive
Excellent service,positive
Poor quality,negative
Project update received,neutral
Worst service ever,negative
I hate this product,negative
This is a standard report,neutral
Amazing experience,positive
Project update received,neutral
Task completed successfully,neutral
Great customer support,positive
Highly recommended,positive
Excellent service,positive
I hate this product,negative
I am reading a book,neutral
This is awesome,positive
Very disappointed,negative
Amazing experience,positive
I love this product,positive
Worst service ever,negative
The weather is normal,neutral
This is awful,negative
Great customer support,positive
Waste of money,negative
Bad customer support,negative
The package arrived today,neutral
I hate this product,negative
Information has been shared,neutral
The meeting is tomorrow,neutral
I hate this product,negative
Information has been shared,neutral
Highly recommended,positive
Great customer support,positive
Not recommended,negative
I love this product,positive
Terrible experience,negative
Excellent service,positive
Waste of money,negative
Worst service ever,negative
Terrible experience,negative
Bad customer support,negative
I love this product,positive
This is awesome,positive
The package arrived today,neutral
I hate this product,negative
Not recommended,negative
The weather is normal,neutral
Not recommended,negative
Very disappointed,negative
The weather is normal,neutral
Not recommended,negative
This is a standard report,neutral
Waste of money,negative
Completely useless,negative
Information has been shared,neutral
Information has been shared,neutral
Worst service ever,negative
Waste of money,negative
Completely useless,negative
Task completed successfully,neutral
Worst service ever,negative
Best update ever,positive
Terrible experience,negative
I am reading a book,neutral
Fantastic work,positive
Completely useless,negative
The package arrived today,neutral
Highly recommended,positive
Excellent service,positive
Project update received,neutral
Excellent service,positive
The weather is normal,neutral
Best update ever,positive
Amazing experience,positive
I love this product,positive
I am reading a book,neutral
Task completed successfully,neutral
The package arrived today,neutral
Amazing experience,positive
Project update received,neutral
Great customer support,positive
Worst service ever,negative
The meeting is tomorrow,neutral
Completely useless,negative
Highly recommended,positive
Bad customer support,negative
Project update received,neutral
This is awesome,positive
This is a standard report,neutral
Reviewing the document,neutral
Task completed successfully,neutral
Excellent service,positive
Project update received,neutral
Great customer support,positive
Waste of money,negative
Outstanding quality,positive
Bad customer support,negative
Reviewing the document,neutral
Amazing experience,positive
The weather is normal,neutral
Highly recommended,positive
This is awesome,positive
Highly recommended,positive
Reviewing the document,neutral
Amazing experience,positive
Great customer support,positive
Very happy with the results,positive
I love this product,positive
Fantastic work,positive
This is awesome,positive
Completely useless,negative
Project update received,neutral
Task completed successfully,neutral
Bad customer support,negative
Project update received,neutral
This is awful,negative
Very disappointed,negative
I am reading a book,neutral
Very disappointed,negative
The weather is normal,neutral
Amazing experience,positive
This is a standard report,neutral
Waste of money,negative
Not recommended,negative
Not recommended,negative
Very happy with the results,positive
The weather is normal,neutral
This is a standard report,neutral
Terrible experience,negative
Reviewing the document,neutral
Highly recommended,positive
Not recommended,negative
Excellent service,positive
The weather is normal,neutral
Project update received,neutral
Best update ever,positive
I hate this product,negative
Data processing started,neutral
Very happy with the results,positive
This is a standard report,neutral
Project update received,neutral
The meeting is tomorrow,neutral
Best update ever,positive
This is a standard report,neutral
Great customer support,positive
Project update received,neutral
The weather is normal,neutral
The meeting is tomorrow,neutral
Bad customer support,negative
I love this product,positive
Poor quality,negative
Great customer support,positive
I am reading a book,neutral
Waste of money,negative
This is a standard report,neutral
Data processing started,neutral
Waste of money,negative
Project update received,neutral
Waste of money,negative
Amazing experience,positive
Highly recommended,positive
This is awful,negative
The weather is normal,neutral
Data processing started,neutral
Terrible experience,negative
I hate this product,negative
Great customer support,positive
Very happy with the results,positive
Information has been shared,neutral
This is awesome,positive
I love this product,positive
I am reading a book,neutral
Outstanding quality,positive
I love this product,positive
Best update ever,positive
Fantastic work,positive
Terrible experience,negative
Reviewing the document,neutral
This is awesome,positive
Project update received,neutral
Fantastic work,positive
Outstanding quality,positive
Not recommended,negative
This is awesome,positive
Waste of money,negative
This is awesome,positive
Completely useless,negative
I am reading a book,neutral
The meeting is tomorrow,neutral
Worst service ever,negative
This is awful,negative
Very disappointed,negative
Highly recommended,positive
Task completed successfully,neutral
This is a standard report,neutral
Highly recommended,positive
The meeting is tomorrow,neutral
Information has been shared,neutral
This is awful,negative
Reviewing the document,neutral
Very disappointed,negative
Best update ever,positive
Fantastic work,positive
Excellent service,positive
Poor quality,negative
This is awful,negative
The package arrived today,neutral
Information has been shared,neutral
Great customer support,positive
This is a standard report,neutral
This is awful,negative
Highly recommended,positive
This is awesome,positive
Project update received,neutral
Data processing started,neutral
Not recommended,negative
Best update ever,positive
Fantastic work,positive
Fantastic work,positive
Poor quality,negative
Not recommended,negative
Project update received,neutral
Worst service ever,negative
Waste of money,negative
This is a standard report,neutral
Poor quality,negative
This is awesome,positive
Outstanding quality,positive
Project update received,neutral
Not recommended,negative
Outstanding quality,positive
Outstanding quality,positive
Terrible experience,negative
Excellent service,positive
Outstanding quality,positive
Waste of money,negative
I love this product,positive
Reviewing the document,neutral
I hate this product,negative
Data processing started,neutral
Very happy with the results,positive
I hate this product,negative
Outstanding quality,positive
I am reading a book,neutral
Reviewing the document,neutral
This is awful,negative
This is a standard report,neutral
Outstanding quality,positive
Poor quality,negative
Outstanding quality,positive
This is awesome,positive
Bad customer support,negative
The meeting is tomorrow,neutral
Outstanding quality,positive
Great customer support,positive
This is awful,negative
This is awesome,positive
This is awesome,positive
Project update received,neutral
Waste of money,negative
Information has been shared,neutral
I am reading a book,neutral
Fantastic work,positive
Terrible experience,negative
Great customer support,positive
Excellent service,positive
Outstanding quality,positive
Great customer support,positive
Highly recommended,positive
Excellent service,positive
Very happy with the results,positive
Task completed successfully,neutral
Worst service ever,negative
Worst service ever,negative
The weather is normal,neutral
Bad customer support,negative
The package arrived today,neutral
I am reading a book,neutral
Information has been shared,neutral
Best update ever,positive
This is awesome,positive
Great customer support,positive
This is awesome,positive
I love this product,positive
Worst service ever,negative
I love this product,positive
I am reading a book,neutral
Not recommended,negative
Bad customer support,negative
Amazing experience,positive
Waste of money,negative
Project update received,neutral
Excellent service,positive
Data processing started,neutral
The package arrived today,neutral
The meeting is tomorrow,neutral
I am reading a book,neutral
This is a standard report,neutral
Bad customer support,negative
The weather is normal,neutral
Task completed successfully,neutral
The weather is normal,neutral
I am reading a book,neutral
Fantastic work,positive
This is awful,negative
Task completed successfully,neutral
Outstanding quality,positive
Excellent service,positive
Great customer support,positive
Waste of money,negative
Worst service ever,negative
Terrible experience,negative
Reviewing the document,neutral
Highly recommended,positive
Best update ever,positive
I am reading a book,neutral
Highly recommended,positive
Reviewing the document,neutral
Fantastic work,positive
Best update ever,positive
I am reading a book,neutral
Bad customer support,negative
Reviewing the document,neutral
Very happy with the results,positive
Completely useless,negative
This is awesome,positive
Project update received,neutral
Very happy with the results,positive
Reviewing the document,neutral
I love this product,positive
Terrible experience,negative
The package arrived today,neutral
Highly recommended,positive
Fantastic work,positive
Amazing experience,positive
Data processing started,neutral
Data processing started,neutral
Completely useless,negative
Waste of money,negative
Best update ever,positive
Data processing started,neutral
Bad customer support,negative
I hate this product,negative
Completely useless,negative
Very happy with the results,positive
Project update received,neutral
Excellent service,positive
Outstanding quality,positive
I love this product,positive
Amazing experience,positive
Project update received,neutral
Very happy with the results,positive
Highly recommended,positive
Excellent service,positive
Best update ever,positive
Great customer support,positive
This is awesome,positive
Task completed successfully,neutral
Fantastic work,positive
Worst service ever,negative
Excellent service,positive
I love this product,positive
The package arrived today,neutral
Not recommended,negative
Highly recommended,positive
This is awful,negative
Terrible experience,negative
Very happy with the results,positive
Project update received,neutral
Best update ever,positive
Best update ever,positive
Fantastic work,positive
The meeting is tomorrow,neutral
The package arrived today,neutral
Very happy with the results,positive
Information has been shared,neutral
Terrible experience,negative
Project update received,neutral
I hate this product,negative
Great customer support,positive
Task completed successfully,neutral
This is awesome,positive
Data processing started,neutral
Great customer support,positive
This is awful,negative
Not recommended,negative
Outstanding quality,positive
Amazing experience,positive
Completely useless,negative
Very happy with the results,positive
Great customer support,positive
Highly recommended,positive
Data processing started,neutral
I am reading a book,neutral
Reviewing the document,neutral
Highly recommended,positive
Excellent service,positive
This is awful,negative
Very disappointed,negative
Fantastic work,positive
Waste of money,negative
This is a standard report,neutral
I am reading a book,neutral
Project update received,neutral
Very disappointed,negative
Great customer support,positive
The package arrived today,neutral
Fantastic work,positive
Reviewing the document,neutral
I hate this product,negative
Excellent service,positive
Very happy with the results,positive
Reviewing the document,neutral
The meeting is tomorrow,neutral
Great customer support,positive
Very disappointed,negative
I am reading a book,neutral
Very happy with the results,positive
Amazing experience,positive
Completely useless,negative
Great customer support,positive
Very happy with the results,positive
This is awesome,positive
This is awesome,positive
Outstanding quality,positive
Great customer support,positive
Reviewing the document,neutral
The meeting is tomorrow,neutral
Data processing started,neutral
Not recommended,negative
The package arrived today,neutral
The package arrived today,neutral
Completely useless,negative
Excellent service,positive
This is awesome,positive
Excellent service,positive
Waste of money,negative
Project update received,neutral
Task completed successfully,neutral
I hate this product,negative
Poor quality,negative
Project update received,neutral
Very disappointed,negative
This is awful,negative
The package arrived today,neutral
Highly recommended,positive
This is awful,negative
Very disappointed,negative
Not recommended,negative
Excellent service,positive
Data processing started,neutral
This is awful,negative
This is awful,negative
Reviewing the document,neutral
Waste of money,negative
Waste of money,negative
The package arrived today,neutral
Great customer support,positive
Data processing started,neutral
Best update ever,positive
Bad customer support,negative
I hate this product,negative
I hate this product,negative
The weather is normal,neutral
I love this product,positive
Project update received,neutral
I love this product,positive
The meeting is tomorrow,neutral
The weather is normal,neutral
Highly recommended,positive
This is a standard report,neutral
Very disappointed,negative
Poor quality,negative
I hate this product,negative
Completely useless,negative
Bad customer support,negative
This is awesome,positive
Excellent service,positive
Project update received,neutral
Bad customer support,negative
Very happy with the results,positive
Great customer support,positive
Completely useless,negative
Fantastic work,positive
I hate this product,negative
I love this product,positive
I am reading a book,neutral
The meeting is tomorrow,neutral
I love this product,positive
Poor quality,negative
Terrible experience,negative
Bad customer support,negative
I hate this product,negative
Outstanding quality,positive
Very disappointed,negative
This is awesome,positive
Completely useless,negative
The package arrived today,neutral
Information has been shared,neutral
I am reading a book,neutral
The package arrived today,neutral
Project update received,neutral
I love this product,positive
Completely useless,negative
Amazing experience,positive
Reviewing the document,neutral
Great customer support,positive
Terrible experience,negative
This is a standard report,neutral
This is awesome,positive
Poor quality,negative
Excellent service,positive
The meeting is tomorrow,neutral
Not recommended,negative
Highly recommended,positive
Best update ever,positive
The package arrived today,neutral
Bad customer support,negative
Very happy with the results,positive
Fantastic work,positive
Highly recommended,positive
Worst service ever,negative
Poor quality,negative
Worst service ever,negative
Completely useless,negative
Outstanding quality,positive
I love this product,positive
The weather is normal,neutral
This is awful,negative
Very disappointed,negative
Completely useless,negative
The meeting is tomorrow,neutral
Waste of money,negative
This is awful,negative
Excellent service,positive
The meeting is tomorrow,neutral
This is awful,negative
Not recommended,negative
Reviewing the document,neutral
Reviewing the document,neutral
Best update ever,positive
Poor quality,negative
The package arrived today,neutral
Great customer support,positive
Very happy with the results,positive
Bad customer support,negative
Reviewing the document,neutral
Very happy with the results,positive
Information has been shared,neutral
Reviewing the document,neutral
This is awful,negative
This is a standard report,neutral
Worst service ever,negative
The meeting is tomorrow,neutral
Reviewing the document,neutral
This is awful,negative
Outstanding quality,positive
Outstanding quality,positive
Great customer support,positive
I hate this product,negative
This is a standard report,neutral
Poor quality,negative
Not recommended,negative
Poor quality,negative
Highly recommended,positive
The weather is normal,neutral
The weather is normal,neutral
Worst service ever,negative
I love this product,positive
I am reading a book,neutral
Very disappointed,negative
Completely useless,negative
This is awesome,positive
Best update ever,positive
This is a standard report,neutral
Task completed successfully,neutral
Amazing experience,positive
Highly recommended,positive
Terrible experience,negative
Completely useless,negative
Poor quality,negative
Fantastic work,positive
This is a standard report,neutral
This is awful,negative
Reviewing the document,neutral
Amazing experience,positive
Completely useless,negative
Poor quality,negative
Waste of money,negative
This is a standard report,neutral
Terrible experience,negative
This is awful,negative
Data processing started,neutral
This is awesome,positive
Project update received,neutral
Project update received,neutral
Great customer support,positive
The meeting is tomorrow,neutral
Task completed successfully,neutral
Excellent service,positive
The package arrived today,neutral
Best update ever,positive
Project update received,neutral
Bad customer support,negative
I hate this product,negative
Poor quality,negative
The package arrived today,neutral
Great customer support,positive
This is awful,negative
Worst service ever,negative
This is awesome,positive
Project update received,neutral
Best update ever,positive
Best update ever,positive
Reviewing the document,neutral
I hate this product,negative
Information has been shared,neutral
This is a standard report,neutral
This is awful,negative
Terrible experience,negative
Information has been shared,neutral
Excellent service,positive
The weather is normal,neutral
Excellent service,positive
Excellent service,positive
The weather is normal,neutral
Completely useless,negative
Great customer support,positive
This is awesome,positive
This is awful,negative
Completely useless,negative
Terrible experience,negative
Highly recommended,positive
The weather is normal,neutral
Project update received,neutral
Worst service ever,negative
The weather is normal,neutral
Best update ever,positive
The weather is normal,neutral
The meeting is tomorrow,neutral
Outstanding quality,positive
Very disappointed,negative
Worst service ever,negative
Completely useless,negative
Very disappointed,negative
Poor quality,negative
Information has been shared,neutral
I love this product,positive
Poor quality,negative
Task completed successfully,neutral
Best update ever,positive
This is a standard report,neutral
Reviewing the document,neutral
Fantastic work,positive
Waste of money,negative
Data processing started,neutral
Best update ever,positive
I love this product,positive
Worst service ever,negative
Task completed successfully,neutral
The package arrived today,neutral
Bad customer support,negative
Waste of money,negative
I am reading a book,neutral
I hate this product,negative
Terrible experience,negative
Reviewing the document,neutral
Poor quality,negative
Excellent service,positive
Very disappointed,negative
Task completed successfully,neutral
I love this product,positive
Best update ever,positive
Highly recommended,positive
Very happy with the results,positive
Reviewing the document,neutral
Highly recommended,positive
Excellent service,positive
Very disappointed,negative
I am reading a book,neutral
Waste of money,negative
The package arrived today,neutral
Very happy with the results,positive
The package arrived today,neutral
Poor quality,negative
Task completed successfully,neutral
Information has been shared,neutral
Highly recommended,positive
I am reading a book,neutral
Information has been shared,neutral
Very disappointed,negative
This is a standard report,neutral
Outstanding quality,positive
Terrible experience,negative
Great customer support,positive
Great customer support,positive
Great customer support,positive
Fantastic work,positive
Best update ever,positive
Reviewing the document,neutral
This is awful,negative
Highly recommended,positive
This is a standard report,neutral
The weather is normal,neutral
Project update received,neutral
Poor quality,negative
Completely useless,negative
Worst service ever,negative
Completely useless,negative
The package arrived today,neutral
Information has been shared,neutral
Excellent service,positive
Not recommended,negative
Completely useless,negative
Terrible experience,negative
This is a standard report,neutral
Highly recommended,positive
Bad customer support,negative
This is awful,negative
Best update ever,positive
Outstanding quality,positive
I love this product,positive
The meeting is tomorrow,neutral
Very happy with the results,positive
Very disappointed,negative
Highly recommended,positive
Reviewing the document,neutral
This is a standard report,neutral
Worst service ever,negative
Data processing started,neutral
Not recommended,negative
Very happy with the results,positive
Very happy with the results,positive
Best update ever,positive
The package arrived today,neutral
This is awful,negative
This is a standard report,neutral
Great customer support,positive
Outstanding quality,positive
This is a standard report,neutral
This is awesome,positive
I am reading a book,neutral
The meeting is tomorrow,neutral
The meeting is tomorrow,neutral
Amazing experience,positive
Information has been shared,neutral
I hate this product,negative
Worst service ever,negative
Excellent service,positive
Best update ever,positive
This is awesome,positive
I hate this product,negative
Information has been shared,neutral
Bad customer support,negative
Outstanding quality,positive
Highly recommended,positive
I hate this product,negative
This is awful,negative
Excellent service,positive
Great customer support,positive
Very disappointed,negative
Task completed successfully,neutral
This is awesome,positive
This is a standard report,neutral
Highly recommended,positive
The weather is normal,neutral
Very disappointed,negative
This is awesome,positive
Fantastic work,positive
I love this product,positive
Poor quality,negative
This is awful,negative
The weather is normal,neutral
Information has been shared,neutral
Amazing experience,positive
Waste of money,negative
The weather is normal,neutral
This is a standard report,neutral
Bad customer support,negative
Reviewing the document,neutral
Very disappointed,negative
Very disappointed,negative
The meeting is tomorrow,neutral
Outstanding quality,positive
Great customer support,positive
This is awful,negative
Bad customer support,negative
The meeting is tomorrow,neutral
Completely useless,negative
Bad customer support,negative
I love this product,positive
The package arrived today,neutral
I am reading a book,neutral
I am reading a book,neutral
The weather is normal,neutral
Outstanding quality,positive
Fantastic work,positive
Information has been shared,neutral
Reviewing the document,neutral
Highly recommended,positive
Very disappointed,negative
Completely useless,negative
Bad customer support,negative
This is a standard report,neutral
The weather is normal,neutral
I love this product,positive
Great customer support,positive
Outstanding quality,positive
I love this product,positive
Reviewing the document,neutral
Amazing experience,positive
The weather is normal,neutral
I love this product,positive
Waste of money,negative
Excellent service,positive
The meeting is tomorrow,neutral
Great customer support,positive
Very happy with the results,positive
This is awesome,positive
Data processing started,neutral
Data processing started,neutral
Very disappointed,negative
Amazing experience,positive
This is awesome,positive
Not recommended,negative
I am reading a book,neutral
Very happy with the results,positive
I hate this product,negative
Best update ever,positive
Information has been shared,neutral
Completely useless,negative
I am reading a book,neutral
Project update received,neutral
Fantastic work,positive
Waste of money,negative
This is a standard report,neutral
Terrible experience,negative
Waste of money,negative
Poor quality,negative
This is awesome,positive
Project update received,neutral
Information has been shared,neutral
The package arrived today,neutral
The weather is normal,neutral
The meeting is tomorrow,neutral
This is awesome,positive
Best update ever,positive
Poor quality,negative
Poor quality,negative
Bad customer support,negative
Information has been shared,neutral
Amazing experience,positive
Excellent service,positive
I hate this product,negative
The meeting is tomorrow,neutral
I love this product,positive
Data processing started,neutral
I hate this product,negative
Very happy with the results,positive
Excellent service,positive
Excellent service,positive
The package arrived today,neutral
Completely useless,negative
Fantastic work,positive
Project update received,neutral
This is awful,negative
Task completed successfully,neutral
Bad customer support,negative
Best update ever,positive
Bad customer support,negative
Poor quality,negative
I hate this product,negative
Information has been shared,neutral
Information has been shared,neutral
The package arrived today,neutral
Not recommended,negative
This is a standard report,neutral
Worst service ever,negative
I love this product,positive
Task completed successfully,neutral
The package arrived today,neutral
Very happy with the results,positive
Very disappointed,negative
Fantastic work,positive
Information has been shared,neutral
Data processing started,neutral
Reviewing the document,neutral
Information has been shared,neutral
I love this product,positive
Project update received,neutral
Very happy with the results,positive
The weather is normal,neutral
I am reading a book,neutral
Great customer support,positive
This is a standard report,neutral
Information has been shared,neutral
The weather is normal,neutral
Best update ever,positive
Information has been shared,neutral
This is awesome,positive
Reviewing the document,neutral
Excellent service,positive
I am reading a book,neutral
Best update ever,positive
The meeting is tomorrow,neutral
Best update ever,positive
This is awful,negative
This is awesome,positive
Terrible experience,negative
Bad customer support,negative
I am reading a book,neutral
Bad customer support,negative
Information has been shared,neutral
The meeting is tomorrow,neutral
I love this product,positive
Very happy with the results,positive
The weather is normal,neutral
The weather is normal,neutral
I hate this product,negative
Best update ever,positive
Terrible experience,negative
Very happy with the results,positive
Best update ever,positive
Fantastic work,positive
The weather is normal,neutral
Not recommended,negative
Highly recommended,positive
I am reading a book,neutral
Poor quality,negative
This is a standard report,neutral
The package arrived today,neutral
Outstanding quality,positive
The weather is normal,neutral
I am reading a book,neutral
Reviewing the document,neutral
Best update ever,positive
Amazing experience,positive
Completely useless,negative
Highly recommended,positive
Bad customer support,negative
Excellent service,positive
Not recommended,negative
Data processing started,neutral
Reviewing the document,neutral
Outstanding quality,positive
Waste of money,negative
Poor quality,negative
Terrible experience,negative
Best update ever,positive
Project update received,neutral
Worst service ever,negative
Terrible experience,negative
Worst service ever,negative
The meeting is tomorrow,neutral
Outstanding quality,positive
This is awful,negative
Reviewing the document,neutral
Worst service ever,negative
Reviewing the document,neutral
Amazing experience,positive
Excellent service,positive
Completely useless,negative
Bad customer support,negative
Great customer support,positive
Excellent service,positive
The weather is normal,neutral
I love this product,positive
Very disappointed,negative
Great customer support,positive
Completely useless,negative
Not recommended,negative
Worst service ever,negative
Amazing experience,positive
Data processing started,neutral
This is awful,negative
Great customer support,positive
Fantastic work,positive
Poor quality,negative
Poor quality,negative
Great customer support,positive
Completely useless,negative
Great customer support,positive
This is awful,negative
Terrible experience,negative
Project update received,neutral
The meeting is tomorrow,neutral
Outstanding quality,positive
Best update ever,positive
Poor quality,negative
This is awesome,positive
The package arrived today,neutral
Task completed successfully,neutral
This is a standard report,neutral
Task completed successfully,neutral
This is a standard report,neutral
Reviewing the document,neutral
The meeting is tomorrow,neutral
I love this product,positive
Project update received,neutral
Information has been shared,neutral
This is awesome,positive
Data processing started,neutral
Poor quality,negative
Bad customer support,negative
Very disappointed,negative
Very happy with the results,positive
Waste of money,negative
I hate this product,negative
Amazing experience,positive
I am reading a book,neutral
Poor quality,negative
Bad customer support,negative
I love this product,positive
Very disappointed,negative
Very happy with the results,positive
The package arrived today,neutral
Amazing experience,positive
Best update ever,positive
Bad customer support,negative
Bad customer support,negative
Poor quality,negative
Information has been shared,neutral
Amazing experience,positive
Fantastic work,positive
Worst service ever,negative
Excellent service,positive
Completely useless,negative
Data processing started,neutral
The package arrived today,neutral
Very happy with the results,positive
Data processing started,neutral
The package arrived today,neutral
Highly recommended,positive
Terrible experience,negative
Very happy with the results,positive
Great customer support,positive
The meeting is tomorrow,neutral
Outstanding quality,positive
Data processing started,neutral
Amazing experience,positive
Bad customer support,negative
Outstanding quality,positive
I hate this product,negative
Very happy with the results,positive
Amazing experience,positive
The meeting is tomorrow,neutral
Waste of money,negative
Outstanding quality,positive
This is awesome,positive
Excellent service,positive
Not recommended,negative
Not recommended,negative
Poor quality,negative
Excellent service,positive
Terrible experience,negative
Highly recommended,positive
Highly recommended,positive
Worst service ever,negative
This is a standard report,neutral
Waste of money,negative
I hate this product,negative
I love this product,positive
Amazing experience,positive
Amazing experience,positive
Best update ever,positive
Information has been shared,neutral
This is a standard report,neutral
Not recommended,negative
Waste of money,negative
Data processing started,neutral
Great customer support,positive
Reviewing the document,neutral
This is a standard report,neutral
This is awesome,positive
Very happy with the results,positive
Very disappointed,negative
Highly recommended,positive
Best update ever,positive
I love this product,positive
Bad customer support,negative
Project update received,neutral
Project update received,neutral
I hate this product,negative
Worst service ever,negative
Very happy with the results,positive
Excellent service,positive
Task completed successfully,neutral
This is awful,negative
Great customer support,positive
Completely useless,negative
Reviewing the document,neutral
Great customer support,positive
Highly recommended,positive
Fantastic work,positive
Waste of money,negative
The package arrived today,neutral
The meeting is tomorrow,neutral
This is awesome,positive
Terrible experience,negative
Worst service ever,negative
I hate this product,negative
Very happy with the results,positive
The package arrived today,neutral
Fantastic work,positive
This is awful,negative
The package arrived today,neutral
Amazing experience,positive
Best update ever,positive
Waste of money,negative
Task completed successfully,neutral
The weather is normal,neutral
Not recommended,negative
I am reading a book,neutral
This is awful,negative
I am reading a book,neutral
Task completed successfully,neutral
This is awful,negative
This is awesome,positive
I hate this product,negative
Outstanding quality,positive
Project update received,neutral
Poor quality,negative
Bad customer support,negative
Bad customer support,negative
Amazing experience,positive
Bad customer support,negative
Poor quality,negative
Completely useless,negative
This is awesome,positive
Completely useless,negative
Great customer support,positive
This is awful,negative
Poor quality,negative
Data processing started,neutral
Worst service ever,negative
Fantastic work,positive
This is awful,negative
I am reading a book,neutral
Worst service ever,negative
Highly recommended,positive
Poor quality,negative
Great customer support,positive
Not recommended,negative
Data processing started,neutral
Waste of money,negative
Very happy with the results,positive
This is awful,negative
Excellent service,positive
Highly recommended,positive
I love this product,positive
The weather is normal,neutral
Amazing experience,positive
I hate this product,negative
Terrible experience,negative
The weather is normal,neutral
This is a standard report,neutral
Very disappointed,negative
Task completed successfully,neutral
Very happy with the results,positive
Not recommended,negative
Very happy with the results,positive
Not recommended,negative
Completely useless,negative
Outstanding quality,positive
The meeting is tomorrow,neutral
I love this product,positive
This is awful,negative
This is a standard report,neutral
Best update ever,positive
Worst service ever,negative
Waste of money,negative
I am reading a book,neutral
Fantastic work,positive
Terrible experience,negative
Worst service ever,negative
Poor quality,negative
I love this product,positive
Terrible experience,negative
I am reading a book,neutral
Completely useless,negative
This is awful,negative
Not recommended,negative
I hate this product,negative
Completely useless,negative
The package arrived today,neutral
Great customer support,positive
Fantastic work,positive
This is awful,negative
This is awful,negative
Task completed successfully,neutral
This is awful,negative
Data processing started,neutral
Reviewing the document,neutral
I love this product,positive
The meeting is tomorrow,neutral
Data processing started,neutral
Highly recommended,positive
The weather is normal,neutral
Bad customer support,negative
Best update ever,positive
Bad customer support,negative
Outstanding quality,positive
I am reading a book,neutral
Task completed successfully,neutral
Excellent service,positive
Amazing experience,positive
Data processing started,neutral
The meeting is tomorrow,neutral
Data processing started,neutral
Great customer support,positive
Fantastic work,positive
Excellent service,positive
I hate this product,negative
Information has been shared,neutral
Waste of money,negative
Bad customer support,negative
Bad customer support,negative
I love this product,positive
The package arrived today,neutral
Task completed successfully,neutral
Task completed successfully,neutral
Very disappointed,negative
The weather is normal,neutral
I love this product,positive
Amazing experience,positive
Amazing experience,positive
The meeting is tomorrow,neutral
Completely useless,negative
Worst service ever,negative
Fantastic work,positive
Poor quality,negative
Completely useless,negative
Bad customer support,negative
Poor quality,negative
Excellent service,positive
The package arrived today,neutral
Task completed successfully,neutral
The meeting is tomorrow,neutral
This is awful,negative
Highly recommended,positive
I hate this product,negative
I love this product,positive
This is awful,negative
I love this product,positive
Task completed successfully,neutral
Outstanding quality,positive
Very disappointed,negative
Excellent service,positive
Terrible experience,negative
Excellent service,positive
Very disappointed,negative
Terrible experience,negative
Best update ever,positive
Data processing started,neutral
Poor quality,negative
The meeting is tomorrow,neutral
The meeting is tomorrow,neutral
Information has been shared,neutral
Poor quality,negative
I love this product,positive
This is awesome,positive
Outstanding quality,positive
Data processing started,neutral
Excellent service,positive
This is a standard report,neutral
Amazing experience,positive
Information has been shared,neutral
Fantastic work,positive
Task completed successfully,neutral
I hate this product,negative
The weather is normal,neutral
Reviewing the document,neutral
Project update received,neutral
The package arrived today,neutral
Poor quality,negative
Waste of money,negative
Completely useless,negative
Worst service ever,negative
Outstanding quality,positive
Very happy with the results,positive
Worst service ever,negative
Outstanding quality,positive
Information has been shared,neutral
I am reading a book,neutral
Fantastic work,positive
The package arrived today,neutral
Data processing started,neutral
The weather is normal,neutral
Task completed successfully,neutral
Information has been shared,neutral
Fantastic work,positive
Poor quality,negative
The package arrived today,neutral
The meeting is tomorrow,neutral
Excellent service,positive
Data processing started,neutral
I hate this product,negative
Task completed successfully,neutral
Data processing started,neutral
Task completed successfully,neutral
Amazing experience,positive
Information has been shared,neutral
Poor quality,negative
I am reading a book,neutral
This is a standard report,neutral
The package arrived today,neutral
Outstanding quality,positive
Project update received,neutral
Fantastic work,positive
I am reading a book,neutral
Task completed successfully,neutral
Not recommended,negative
Great customer support,positive
Very disappointed,negative
Bad customer support,negative
The package arrived today,neutral
Project update received,neutral
Completely useless,negative
Terrible experience,negative
Great customer support,positive
This is awful,negative
Very happy with the results,positive
Poor quality,negative
The weather is normal,neutral
The package arrived today,neutral
I am reading a book,neutral
Reviewing the document,neutral
Excellent service,positive
Reviewing the document,neutral
Great customer support,positive
This is a standard report,neutral
This is awful,negative
The weather is normal,neutral
Task completed successfully,neutral
Reviewing the document,neutral
Terrible experience,negative
Very disappointed,negative
The meeting is tomorrow,neutral
The weather is normal,neutral
Highly recommended,positive
I am reading a book,neutral
Very disappointed,negative
Poor quality,negative
This is awful,negative
Completely useless,negative
Fantastic work,positive
Very happy with the results,positive
Poor quality,negative
Fantastic work,positive
Worst service ever,negative
Information has been shared,neutral
Highly recommended,positive
Bad customer support,negative
I am reading a book,neutral
Highly recommended,positive
Very happy with the results,positive
Amazing experience,positive
Data processing started,neutral
Reviewing the document,neutral
Task completed successfully,neutral
I hate this product,negative
Fantastic work,positive
Not recommended,negative
Reviewing the document,neutral
I hate this product,negative
Excellent service,positive
The package arrived today,neutral
Fantastic work,positive
Best update ever,positive
I love this product,positive
The package arrived today,neutral
Bad customer support,negative
Worst service ever,negative
Very happy with the results,positive
Reviewing the document,neutral
Very disappointed,negative
Very disappointed,negative
This is awful,negative
Data processing started,neutral
Best update ever,positive
The package arrived today,neutral
This is a standard report,neutral
The meeting is tomorrow,neutral
This is awesome,positive
Fantastic work,positive
Data processing started,neutral
The weather is normal,neutral
Terrible experience,negative
I love this product,positive
This is awesome,positive
Best update ever,positive
This is awesome,positive
Completely useless,negative
Fantastic work,positive
Project update received,neutral
Not recommended,negative
Poor quality,negative
Outstanding quality,positive
Amazing experience,positive
Task completed successfully,neutral
This is awesome,positive
Task completed successfully,neutral
The package arrived today,neutral
Very disappointed,negative
Outstanding quality,positive
The weather is normal,neutral
Waste of money,negative
Reviewing the document,neutral
Completely useless,negative
Project update received,neutral
Reviewing the document,neutral
Project update received,neutral
Bad customer support,negative
Waste of money,negative
Project update received,neutral
Data processing started,neutral
Completely useless,negative
Project update received,neutral
Task completed successfully,neutral
Reviewing the document,neutral
Completely useless,negative
Waste of money,negative
Highly recommended,positive
Bad customer support,negative
Poor quality,negative
Data processing started,neutral
Task completed successfully,neutral
Fantastic work,positive
Excellent service,positive
Worst service ever,negative
I am reading a book,neutral
Task completed successfully,neutral
Project update received,neutral
I hate this product,negative
Project update received,neutral
Very disappointed,negative
Waste of money,negative
Amazing experience,positive
Data processing started,neutral
This is a standard report,neutral
Project update received,neutral
Poor quality,negative
Waste of money,negative
Very happy with the results,positive
Bad customer support,negative
Data processing started,neutral
Waste of money,negative
I love this product,positive
Highly recommended,positive
Worst service ever,negative
Poor quality,negative
Amazing experience,positive
Very happy with the results,positive
Best update ever,positive
This is a standard report,neutral
The package arrived today,neutral
Excellent service,positive
Task completed successfully,neutral
Worst service ever,negative
Project update received,neutral
Data processing started,neutral
Not recommended,negative
Task completed successfully,neutral
The package arrived today,neutral
I am reading a book,neutral
Worst service ever,negative
Great customer support,positive
Terrible experience,negative
Reviewing the document,neutral
Poor quality,negative
Bad customer support,negative
The package arrived today,neutral
Project update received,neutral
Worst service ever,negative
This is awesome,positive
Task completed successfully,neutral
Reviewing the document,neutral
Amazing experience,positive
Completely useless,negative
Waste of money,negative
Reviewing the document,neutral
Excellent service,positive
Fantastic work,positive
I am reading a book,neutral
Project update received,neutral
I am reading a book,neutral
I am reading a book,neutral
I am reading a book,neutral
Outstanding quality,positive
This is a standard report,neutral
The package arrived today,neutral
I love this product,positive
Data processing started,neutral
Very happy with the results,positive
Very disappointed,negative
Information has been shared,neutral
Project update received,neutral
Reviewing the document,neutral
Outstanding quality,positive
Amazing experience,positive
This is awful,negative
Project update received,neutral
Very disappointed,negative
Information has been shared,neutral
The package arrived today,neutral
Terrible experience,negative
The package arrived today,neutral
Outstanding quality,positive
Waste of money,negative
This is a standard report,neutral
Amazing experience,positive
Poor quality,negative
I am reading a book,neutral
The meeting is tomorrow,neutral
Great customer support,positive
Information has been shared,neutral
Fantastic work,positive
Highly recommended,positive
The meeting is tomorrow,neutral
Great customer support,positive
Best update ever,positive
Very happy with the results,positive
Waste of money,negative
The weather is normal,neutral
Reviewing the document,neutral
The weather is normal,neutral
The meeting is tomorrow,neutral
Best update ever,positive
Completely useless,negative
This is awesome,positive
Poor quality,negative
This is awful,negative
Highly recommended,positive
Task completed successfully,neutral
Fantastic work,positive
Information has been shared,neutral
This is awesome,positive
Bad customer support,negative
Completely useless,negative
Terrible experience,negative
Terrible experience,negative
The weather is normal,neutral
I love this product,positive
Information has been shared,neutral
I hate this product,negative
Great customer support,positive
Amazing experience,positive
Great customer support,positive
Poor quality,negative
Information has been shared,neutral
Poor quality,negative
Reviewing the document,neutral
Project update received,neutral
Reviewing the document,neutral
Task completed successfully,neutral
This is a standard report,neutral
Reviewing the document,neutral
Task completed successfully,neutral
Highly recommended,positive
Very happy with the results,positive
This is awesome,positive
Amazing experience,positive
This is awesome,positive
Fantastic work,positive
I am reading a book,neutral
The meeting is tomorrow,neutral
This is awful,negative
Poor quality,negative
Not recommended,negative
Not recommended,negative
Fantastic work,positive
Amazing experience,positive
Worst service ever,negative
Best update ever,positive
Terrible experience,negative
This is a standard report,neutral
Very disappointed,negative
Fantastic work,positive
Very disappointed,negative
Fantastic work,positive
Completely useless,negative
Highly recommended,positive
Project update received,neutral
This is awesome,positive
I am reading a book,neutral
Very disappointed,negative
Great customer support,positive
Not recommended,negative
Best update ever,positive
Very disappointed,negative
Worst service ever,negative
Fantastic work,positive
I love this product,positive
Task completed successfully,neutral
Excellent service,positive
Bad customer support,negative
Terrible experience,negative
Data processing started,neutral
Project update received,neutral
Poor quality,negative
Very disappointed,negative
This is awful,negative
Data processing started,neutral
Fantastic work,positive
This is awesome,positive
Completely useless,negative
Poor quality,negative
The weather is normal,neutral
Best update ever,positive
Reviewing the document,neutral
Bad customer support,negative
This is awful,negative
Outstanding quality,positive
Terrible experience,negative
This is awful,negative
Best update ever,positive
I hate this product,negative
The weather is normal,neutral
The weather is normal,neutral
Completely useless,negative
This is a standard report,neutral
Not recommended,negative
I hate this product,negative
Worst service ever,negative
This is a standard report,neutral
Worst service ever,negative
Very disappointed,negative
Excellent service,positive
The meeting is tomorrow,neutral
The weather is normal,neutral
Worst service ever,negative
Worst service ever,negative
Outstanding quality,positive
Best update ever,positive
Best update ever,positive
I am reading a book,neutral
I love this product,positive
This is awful,negative
I hate this product,negative
This is a standard report,neutral
Amazing experience,positive
I hate this product,negative
This is awful,negative
The package arrived today,neutral
Terrible experience,negative
I am reading a book,neutral
Worst service ever,negative
Waste of money,negative
Waste of money,negative
Worst service ever,negative
Great customer support,positive
I am reading a book,neutral
Worst service ever,negative
Not recommended,negative
Worst service ever,negative
Not recommended,negative
Data processing started,neutral
This is awesome,positive
Poor quality,negative
Bad customer support,negative
This is a standard report,neutral
Data processing started,neutral
Not recommended,negative
Worst service ever,negative
This is a standard report,neutral
Reviewing the document,neutral
Excellent service,positive
Bad customer support,negative
I am reading a book,neutral
Very happy with the results,positive
Best update ever,positive
Highly recommended,positive
Information has been shared,neutral
Not recommended,negative
Very disappointed,negative
This is a standard report,neutral
Information has been shared,neutral
The meeting is tomorrow,neutral
Fantastic work,positive
Reviewing the document,neutral
Worst service ever,negative
Information has been shared,neutral
Very disappointed,negative
Excellent service,positive
Very disappointed,negative
Worst service ever,negative
Highly recommended,positive
Bad customer support,negative
This is awesome,positive
Waste of money,negative
Completely useless,negative
This is awesome,positive
Very disappointed,negative
Fantastic work,positive
This is awful,negative
Poor quality,negative
Highly recommended,positive
Highly recommended,positive
Fantastic work,positive
The meeting is tomorrow,neutral
Reviewing the document,neutral
Completely useless,negative
The weather is normal,neutral
Reviewing the document,neutral
Great customer support,positive
Project update received,neutral
Great customer support,positive
Excellent service,positive
Great customer support,positive
The meeting is tomorrow,neutral
This is a standard report,neutral
Project update received,neutral
I am reading a book,neutral
The package arrived today,neutral
Completely useless,negative
Task completed successfully,neutral
Terrible experience,negative
The weather is normal,neutral
Completely useless,negative
The weather is normal,neutral
I am reading a book,neutral
Reviewing the document,neutral
Best update ever,positive
Waste of money,negative
The weather is normal,neutral
This is awful,negative
This is awesome,positive
Poor quality,negative
Fantastic work,positive
Information has been shared,neutral
This is awful,negative
Waste of money,negative
This is awesome,positive
Waste of money,negative
Task completed successfully,neutral
Outstanding quality,positive
Amazing experience,positive
Project update received,neutral
This is awesome,positive
Terrible experience,negative
Terrible experience,negative
Reviewing the document,neutral
Very disappointed,negative
I am reading a book,neutral
Worst service ever,negative
Very disappointed,negative
Fantastic work,positive
Data processing started,neutral
Information has been shared,neutral
Worst service ever,negative
The weather is normal,neutral
Terrible experience,negative
The meeting is tomorrow,neutral
Worst service ever,negative
This is a standard report,neutral
Not recommended,negative
Terrible experience,negative
Highly recommended,positive
Highly recommended,positive
This is a standard report,neutral
This is a standard report,neutral
Outstanding quality,positive
Task completed successfully,neutral
Information has been shared,neutral
Terrible experience,negative
I hate this product,negative
This is a standard report,neutral
Excellent service,positive
Reviewing the document,neutral
Worst service ever,negative
Information has been shared,neutral
Data processing started,neutral
I hate this product,negative
The meeting is tomorrow,neutral
Excellent service,positive
Information has been shared,neutral
Excellent service,positive
This is a standard report,neutral
Very happy with the results,positive
I love this product,positive
Terrible experience,negative
Poor quality,negative
Highly recommended,positive
Very happy with the results,positive
Very happy with the results,positive
Very disappointed,negative
Reviewing the document,neutral
Task completed successfully,neutral
Completely useless,negative
Bad customer support,negative
Not recommended,negative
Excellent service,positive
Project update received,neutral
Information has been shared,neutral
This is awful,negative
Best update ever,positive
Waste of money,negative
Reviewing the document,neutral
I hate this product,negative
The weather is normal,neutral
Bad customer support,negative
Worst service ever,negative
The weather is normal,neutral
Bad customer support,negative
The weather is normal,neutral
Best update ever,positive
Very disappointed,negative
Outstanding quality,positive
Not recommended,negative
Very disappointed,negative
I am reading a book,neutral
Bad customer support,negative
Excellent service,positive
This is awesome,positive
I love this product,positive
Great customer support,positive
This is awful,negative
Not recommended,negative
This is awesome,positive
Very disappointed,negative
This is a standard report,neutral
Project update received,neutral
Outstanding quality,positive
Great customer support,positive
Project update received,neutral
Information has been shared,neutral
Very disappointed,negative
Excellent service,positive
Great customer support,positive
This is a standard report,neutral
Information has been shared,neutral
Amazing experience,positive
Reviewing the document,neutral
Waste of money,negative
Terrible experience,negative
Completely useless,negative
Great customer support,positive
Excellent service,positive
Highly recommended,positive
The weather is normal,neutral
I love this product,positive
I hate this product,negative
Amazing experience,positive
The meeting is tomorrow,neutral
Task completed successfully,neutral
Amazing experience,positive
Great customer support,positive
Terrible experience,negative
Fantastic work,positive
Amazing experience,positive
Project update received,neutral
The package arrived today,neutral
Completely useless,negative
Highly recommended,positive
Worst service ever,negative
Bad customer support,negative
The weather is normal,neutral
This is a standard report,neutral
Project update received,neutral
Amazing experience,positive
Project update received,neutral
This is awesome,positive
Task completed successfully,neutral
This is awesome,positive
I love this product,positive
Very happy with the results,positive
Project update received,neutral
Amazing experience,positive
The weather is normal,neutral
Poor quality,negative
Fantastic work,positive
Outstanding quality,positive
Waste of money,negative
Project update received,neutral
Waste of money,negative
Reviewing the document,neutral
I hate this product,negative
Highly recommended,positive
Worst service ever,negative
Task completed successfully,neutral
Excellent service,positive
Task completed successfully,neutral
The weather is normal,neutral
This is a standard report,neutral
I love this product,positive
Highly recommended,positive
Excellent service,positive
Project update received,neutral
I love this product,positive
This is awful,negative
The weather is normal,neutral
I am reading a book,neutral
I hate this product,negative
Outstanding quality,positive
This is awful,negative
Bad customer support,negative
Highly recommended,positive
Data processing started,neutral
Bad customer support,negative
I am reading a book,neutral
The meeting is tomorrow,neutral
Very disappointed,negative
Amazing experience,positive
Project update received,neutral
This is awesome,positive
Very disappointed,negative
Poor quality,negative
Reviewing the document,neutral
Terrible experience,negative
Reviewing the document,neutral
I am reading a book,neutral
Project update received,neutral
This is awesome,positive
This is a standard report,neutral
Data processing started,neutral
Not recommended,negative
Task completed successfully,neutral
Very happy with the results,positive
Great customer support,positive
Reviewing the document,neutral
The weather is normal,neutral
Great customer support,positive
Terrible experience,negative
Fantastic work,positive
Very disappointed,negative
Task completed successfully,neutral
Amazing experience,positive
Project update received,neutral
Great customer support,positive
Very disappointed,negative
This is awesome,positive
Best update ever,positive
Very happy with the results,positive
The package arrived today,neutral
Completely useless,negative
Task completed successfully,neutral
I am reading a book,neutral
Amazing experience,positive
This is awesome,positive
Project update received,neutral
Information has been shared,neutral
Fantastic work,positive
I am reading a book,neutral
I love this product,positive
Completely useless,negative
The meeting is tomorrow,neutral
Bad customer support,negative
Poor quality,negative
Very happy with the results,positive
I am reading a book,neutral
The meeting is tomorrow,neutral
The package arrived today,neutral
Not recommended,negative
Outstanding quality,positive
Information has been shared,neutral
This is a standard report,neutral
Worst service ever,negative
This is awful,negative
Excellent service,positive
I am reading a book,neutral
I hate this product,negative
Very disappointed,negative
Data processing started,neutral
Best update ever,positive
The weather is normal,neutral
Amazing experience,positive
Information has been shared,neutral
The package arrived today,neutral
Completely useless,negative
Outstanding quality,positive
Project update received,neutral
Very happy with the results,positive
I am reading a book,neutral
Task completed successfully,neutral
The meeting is tomorrow,neutral
Task completed successfully,neutral
Best update ever,positive
Very happy with the results,positive
Information has been shared,neutral
Fantastic work,positive
Very disappointed,negative
Outstanding quality,positive
Terrible experience,negative
Completely useless,negative
This is awesome,positive
Reviewing the document,neutral
Amazing experience,positive
I hate this product,negative
Excellent service,positive
I love this product,positive
Worst service ever,negative
Information has been shared,neutral
Amazing experience,positive
Bad customer support,negative
Fantastic work,positive
Fantastic work,positive
Worst service ever,negative
Task completed successfully,neutral
Bad customer support,negative
Very happy with the results,positive
Best update ever,positive
Data processing started,neutral
Data processing started,neutral
Fantastic work,positive
Data processing started,neutral
Fantastic work,positive
Waste of money,negative
Task completed successfully,neutral
Highly recommended,positive
Terrible experience,negative
Very happy with the results,positive
Best update ever,positive
Poor quality,negative
Worst service ever,negative
The weather is normal,neutral
Reviewing the document,neutral
Poor quality,negative
I hate this product,negative
Information has been shared,neutral
The package arrived today,neutral
This is awful,negative
This is a standard report,neutral
Terrible experience,negative
The package arrived today,neutral
Completely useless,negative
Best update ever,positive
Poor quality,negative
Fantastic work,positive
The weather is normal,neutral
Information has been shared,neutral
Excellent service,positive
Waste of money,negative
The weather is normal,neutral
Task completed successfully,neutral
I am reading a book,neutral
I love this product,positive
Worst service ever,negative
Poor quality,negative
This is awful,negative
Not recommended,negative
The meeting is tomorrow,neutral
The package arrived today,neutral
Waste of money,negative
Poor quality,negative
Highly recommended,positive
The meeting is tomorrow,neutral
This is a standard report,neutral
I love this product,positive
Information has been shared,neutral
Task completed successfully,neutral
Waste of money,negative
Very happy with the results,positive
I am reading a book,neutral
Project update received,neutral
Very happy with the results,positive
Information has been shared,neutral
Task completed successfully,neutral
This is awful,negative
The meeting is tomorrow,neutral
Very happy with the results,positive
Highly recommended,positive
Information has been shared,neutral
Outstanding quality,positive
This is awesome,positive
Best update ever,positive
Terrible experience,negative
Waste of money,negative
Best update ever,positive
This is awesome,positive
Great customer support,positive
The weather is normal,neutral
The meeting is tomorrow,neutral
Reviewing the document,neutral
Highly recommended,positive
Task completed successfully,neutral
Information has been shared,neutral
Waste of money,negative
Great customer support,positive
Outstanding quality,positive
Reviewing the document,neutral
This is awesome,positive
Fantastic work,positive
Information has been shared,neutral
The meeting is tomorrow,neutral
This is awful,negative
Highly recommended,positive
This is awesome,positive
Bad customer support,negative
Terrible experience,negative
This is awesome,positive
Terrible experience,negative
Information has been shared,neutral
The meeting is tomorrow,neutral
I love this product,positive
This is awful,negative
Bad customer support,negative
Not recommended,negative
Task completed successfully,neutral
The meeting is tomorrow,neutral
Outstanding quality,positive
Poor quality,negative
The meeting is tomorrow,neutral
Not recommended,negative
Project update received,neutral
The weather is normal,neutral
Outstanding quality,positive
Data processing started,neutral
I love this product,positive
Information has been shared,neutral
This is a standard report,neutral
Not recommended,negative
Information has been shared,neutral
I am reading a book,neutral
Very disappointed,negative
This is a standard report,neutral
Terrible experience,negative
Very happy with the results,positive
Bad customer support,negative
Great customer support,positive
Completely useless,negative
Excellent service,positive
Data processing started,neutral
The weather is normal,neutral
Best update ever,positive
Task completed successfully,neutral
Poor quality,negative
Poor quality,negative
Not recommended,negative
Reviewing the document,neutral
The meeting is tomorrow,neutral
I love this product,positive
Great customer support,positive
This is awesome,positive
Amazing experience,positive
Outstanding quality,positive
The package arrived today,neutral
Bad customer support,negative
Very disappointed,negative
Excellent service,positive
I hate this product,negative
Amazing experience,positive
Highly recommended,positive
This is awful,negative
Amazing experience,positive
I love this product,positive
Very disappointed,negative
Poor quality,negative
Waste of money,negative
Completely useless,negative
Project update received,neutral
The package arrived today,neutral
Waste of money,negative
Great customer support,positive
Task completed successfully,neutral
Excellent service,positive
Poor quality,negative
Information has been shared,neutral
Excellent service,positive
I am reading a book,neutral
Reviewing the document,neutral
Project update received,neutral
Not recommended,negative
Great customer support,positive
I am reading a book,neutral
The meeting is tomorrow,neutral
Waste of money,negative
Bad customer support,negative
Waste of money,negative
I am reading a book,neutral
Great customer support,positive
Completely useless,negative
Very disappointed,negative
Excellent service,positive
Worst service ever,negative
This is awesome,positive
Very disappointed,negative
Data processing started,neutral
This is a standard report,neutral
Not recommended,negative
This is a standard report,neutral
Not recommended,negative
Not recommended,negative
Bad customer support,negative
Fantastic work,positive
I hate this product,negative
Task completed successfully,neutral
Reviewing the document,neutral
Terrible experience,negative
This is awesome,positive
Completely useless,negative
Information has been shared,neutral
Information has been shared,neutral
Excellent service,positive
Very happy with the results,positive
Very happy with the results,positive
The package arrived today,neutral
I hate this product,negative
Poor quality,negative
I love this product,positive
Project update received,neutral
Outstanding quality,positive
This is awesome,positive
The package arrived today,neutral
This is awful,negative
This is a standard report,neutral
Great customer support,positive
Very disappointed,negative
Fantastic work,positive
Not recommended,negative
Worst service ever,negative
Waste of money,negative
I hate this product,negative
Task completed successfully,neutral
I hate this product,negative
Very happy with the results,positive
Waste of money,negative
Outstanding quality,positive
Outstanding quality,positive
Worst service ever,negative
This is awful,negative
Very happy with the results,positive
Data processing started,neutral
Best update ever,positive
This is awful,negative
Worst service ever,negative
The weather is normal,neutral
I am reading a book,neutral
Outstanding quality,positive
Completely useless,negative
Bad customer support,negative
The package arrived today,neutral
The package arrived today,neutral
Amazing experience,positive
Waste of money,negative
The package arrived today,neutral
Completely useless,negative
The package arrived today,neutral
Great customer support,positive
Best update ever,positive
This is awful,negative
Completely useless,negative
I hate this product,negative
I love this product,positive
Fantastic work,positive
Bad customer support,negative
Amazing experience,positive
Completely useless,negative
I love this product,positive
Reviewing the document,neutral
I hate this product,negative
Data processing started,neutral
Task completed successfully,neutral
Bad customer support,negative
Data processing started,neutral
Highly recommended,positive
Excellent service,positive
Very disappointed,negative
The package arrived today,neutral
Completely useless,negative
The package arrived today,neutral
The meeting is tomorrow,neutral
Very happy with the results,positive
This is a standard report,neutral
Completely useless,negative
The package arrived today,neutral
Fantastic work,positive
Data processing started,neutral
Very disappointed,negative
Great customer support,positive
Excellent service,positive
The meeting is tomorrow,neutral
I love this product,positive
I hate this product,negative
This is a standard report,neutral
Worst service ever,negative
Data processing started,neutral
Amazing experience,positive
I love this product,positive
Data processing started,neutral
Information has been shared,neutral
Project update received,neutral
Information has been shared,neutral
Worst service ever,negative
Project update received,neutral
Outstanding quality,positive
Very disappointed,negative
Not recommended,negative
Very happy with the results,positive
Fantastic work,positive
Worst service ever,negative
I love this product,positive
Poor quality,negative
Very disappointed,negative
Bad customer support,negative
Completely useless,negative
Amazing experience,positive
The meeting is tomorrow,neutral
I love this product,positive
Task completed successfully,neutral
Bad customer support,negative
I am reading a book,neutral
Very happy with the results,positive
Outstanding quality,positive
Very disappointed,negative
Completely useless,negative
This is a standard report,neutral
Data processing started,neutral
Completely useless,negative
Project update received,neutral
Excellent service,positive
Not recommended,negative
Not recommended,negative
Very happy with the results,positive
Project update received,neutral
Bad customer support,negative
Worst service ever,negative
Not recommended,negative
I hate this product,negative
The package arrived today,neutral
Great customer support,positive
Great customer support,positive
This is a standard report,neutral
This is awesome,positive
This is awesome,positive
Not recommended,negative
This is awesome,positive
This is a standard report,neutral
The weather is normal,neutral
Data processing started,neutral
Poor quality,negative
Fantastic work,positive
Task completed successfully,neutral
The package arrived today,neutral
Reviewing the document,neutral
I am reading a book,neutral
Information has been shared,neutral
Information has been shared,neutral
Waste of money,negative
Data processing started,neutral
Poor quality,negative
Amazing experience,positive
Highly recommended,positive
Amazing experience,positive
Terrible experience,negative
The weather is normal,neutral
I love this product,positive
Fantastic work,positive
Task completed successfully,neutral
Very happy with the results,positive
Very happy with the results,positive
Task completed successfully,neutral
Poor quality,negative
This is awful,negative
Task completed successfully,neutral
Fantastic work,positive
Completely useless,negative
I am reading a book,neutral
Highly recommended,positive
Great customer support,positive
Project update received,neutral
Bad customer support,negative
Poor quality,negative
Amazing experience,positive
This is awful,negative
Waste of money,negative
Information has been shared,neutral
Great customer support,positive
Reviewing the document,neutral
Project update received,neutral
This is awful,negative
Outstanding quality,positive
This is awesome,positive
Poor quality,negative
Project update received,neutral
Bad customer support,negative
Great customer support,positive
Very happy with the results,positive
The package arrived today,neutral
Not recommended,negative
Project update received,neutral
Great customer support,positive
I hate this product,negative
I love this product,positive
This is awesome,positive
Waste of money,negative
Bad customer support,negative
Task completed successfully,neutral
Not recommended,negative
I love this product,positive
I love this product,positive
Best update ever,positive
This is awesome,positive
Waste of money,negative
Very disappointed,negative
Not recommended,negative
The meeting is tomorrow,neutral
I am reading a book,neutral
Poor quality,negative
I am reading a book,neutral
Information has been shared,neutral
The package arrived today,neutral
Great customer support,positive
I am reading a book,neutral
Bad customer support,negative
Best update ever,positive
I am reading a book,neutral
Amazing experience,positive
Outstanding quality,positive
Bad customer support,negative
Great customer support,positive
Outstanding quality,positive
Task completed successfully,neutral
Project update received,neutral
Task completed successfully,neutral
Bad customer support,negative
Information has been shared,neutral
Waste of money,negative
Task completed successfully,neutral
Great customer support,positive
Terrible experience,negative
Not recommended,negative
Fantastic work,positive
Highly recommended,positive
Project update received,neutral
Project update received,neutral
The meeting is tomorrow,neutral
The meeting is tomorrow,neutral
Terrible experience,negative
This is awesome,positive
Outstanding quality,positive
Reviewing the document,neutral
The weather is normal,neutral
Fantastic work,positive
Highly recommended,positive
Highly recommended,positive
Highly recommended,positive
This is awful,negative
The package arrived today,neutral
Very disappointed,negative
Information has been shared,neutral
Fantastic work,positive
Bad customer support,negative
I am reading a book,neutral
Amazing experience,positive
Very happy with the results,positive
The meeting is tomorrow,neutral
Very disappointed,negative
Highly recommended,positive
Amazing experience,positive
Very disappointed,negative
Project update received,neutral
Worst service ever,negative
Highly recommended,positive
Poor quality,negative
Waste of money,negative
Very disappointed,negative
Highly recommended,positive
Very disappointed,negative
Waste of money,negative
The package arrived today,neutral
Waste of money,negative
Outstanding quality,positive
I love this product,positive
Reviewing the document,neutral
This is awesome,positive
Highly recommended,positive
Completely useless,negative
Amazing experience,positive
Outstanding quality,positive
Worst service ever,negative
This is awful,negative
Highly recommended,positive
Reviewing the document,neutral
Bad customer support,negative
I love this product,positive
Completely useless,negative
Project update received,neutral
Project update received,neutral
Fantastic work,positive
This is a standard report,neutral
Worst service ever,negative
The package arrived today,neutral
Poor quality,negative
Outstanding quality,positive
Outstanding quality,positive
Worst service ever,negative
I am reading a book,neutral
Completely useless,negative
This is a standard report,neutral
Very disappointed,negative
Task completed successfully,neutral
I love this product,positive
I am reading a book,neutral
This is awesome,positive
Data processing started,neutral
This is awful,negative
The weather is normal,neutral
Fantastic work,positive
Worst service ever,negative
Excellent service,positive
The meeting is tomorrow,neutral
Outstanding quality,positive
Excellent service,positive
The package arrived today,neutral
Very disappointed,negative
Highly recommended,positive
Waste of money,negative
The meeting is tomorrow,neutral
Outstanding quality,positive
This is awful,negative
Great customer support,positive
Outstanding quality,positive
Outstanding quality,positive
This is awful,negative
Very happy with the results,positive
Project update received,neutral
Terrible experience,negative
The meeting is tomorrow,neutral
Data processing started,neutral
This is a standard report,neutral
Reviewing the document,neutral
This is awesome,positive
This is a standard report,neutral
Best update ever,positive
Outstanding quality,positive
Best update ever,positive
Excellent service,positive
This is awful,negative
The weather is normal,neutral
I love this product,positive
The meeting is tomorrow,neutral
Bad customer support,negative
Amazing experience,positive
Reviewing the document,neutral
The package arrived today,neutral
Completely useless,negative
Great customer support,positive
Outstanding quality,positive
The package arrived today,neutral
The package arrived today,neutral
I hate this product,negative
I love this product,positive
Worst service ever,negative
This is awful,negative
Terrible experience,negative
The package arrived today,neutral
Very disappointed,negative
This is a standard report,neutral
Poor quality,negative
I love this product,positive
I hate this product,negative
This is a standard report,neutral
I love this product,positive
Information has been shared,neutral
I am reading a book,neutral
Very disappointed,negative
I hate this product,negative
Not recommended,negative
Fantastic work,positive
This is a standard report,neutral
Very disappointed,negative
Worst service ever,negative
Waste of money,negative
Best update ever,positive
Outstanding quality,positive
The meeting is tomorrow,neutral
Worst service ever,negative
Terrible experience,negative
Excellent service,positive
Project update received,neutral
This is awful,negative
Poor quality,negative
Best update ever,positive
Reviewing the document,neutral
Very disappointed,negative
Excellent service,positive
Fantastic work,positive
Information has been shared,neutral
This is awful,negative
Very happy with the results,positive
Worst service ever,negative
Bad customer support,negative
Terrible experience,negative
Amazing experience,positive
The meeting is tomorrow,neutral
Completely useless,negative
Worst service ever,negative
Best update ever,positive
Highly recommended,positive
Poor quality,negative
Bad customer support,negative
Waste of money,negative
Reviewing the document,neutral
Reviewing the document,neutral
Highly recommended,positive
Data processing started,neutral
Not recommended,negative
The weather is normal,neutral
Very happy with the results,positive
Highly recommended,positive
The meeting is tomorrow,neutral
I am reading a book,neutral
Very disappointed,negative
Worst service ever,negative
Fantastic work,positive
Amazing experience,positive
Waste of money,negative
I love this product,positive
Fantastic work,positive
This is awful,negative
The package arrived today,neutral
Amazing experience,positive
Amazing experience,positive
Waste of money,negative
Worst service ever,negative
Fantastic work,positive
The weather is normal,neutral
Fantastic work,positive
Poor quality,negative
This is a standard report,neutral
Terrible experience,negative
Worst service ever,negative
Data processing started,neutral
The meeting is tomorrow,neutral
I love this product,positive
Project update received,neutral
This is awful,negative
Not recommended,negative
Waste of money,negative
This is a standard report,neutral
Fantastic work,positive
Very happy with the results,positive
Waste of money,negative
Best update ever,positive
I hate this product,negative
Amazing experience,positive
This is a standard report,neutral
Poor quality,negative
Completely useless,negative
This is awful,negative
Not recommended,negative
Data processing started,neutral
I love this product,positive
Information has been shared,neutral
Great customer support,positive
Outstanding quality,positive
Very disappointed,negative
Not recommended,negative
Very disappointed,negative
Amazing experience,positive
Very disappointed,negative
Excellent service,positive
Project update received,neutral
Waste of money,negative
This is awful,negative
Poor quality,negative
The package arrived today,neutral
Very disappointed,negative
This is awful,negative
Waste of money,negative
Best update ever,positive
Fantastic work,positive
Information has been shared,neutral
Task completed successfully,neutral
Waste of money,negative
Highly recommended,positive
This is a standard report,neutral
Not recommended,negative
Data processing started,neutral
I hate this product,negative
Very happy with the results,positive
Best update ever,positive
Completely useless,negative
Outstanding quality,positive
Task completed successfully,neutral
I hate this product,negative
Poor quality,negative
Not recommended,negative
This is awful,negative
Poor quality,negative
Excellent service,positive
Waste of money,negative
Completely useless,negative
Bad customer support,negative
I love this product,positive
Bad customer support,negative
Great customer support,positive
Excellent service,positive
Information has been shared,neutral
Amazing experience,positive
Information has been shared,neutral
Task completed successfully,neutral
I love this product,positive
Terrible experience,negative
Outstanding quality,positive
Poor quality,negative
Bad customer support,negative
Information has been shared,neutral
This is awesome,positive
Reviewing the document,neutral
Outstanding quality,positive
Information has been shared,neutral
